Country;Product;1971;1972;1973;1974;1975;1976;1977;1978;1979;1980;1981;1982;1983;1984;1985;1986;1987;1988;1989;1990;1991;1992;1993;1994;1995;1996;1997;1998;1999;2000;2001;2002;2003;2004;2005;2006;2007;2008;2009;2010;2011;2012;2013;2014;2015;2016;2017;2018;2019
Australia;Fossil fuels;41201;43730;52662;55974;58406;60843;68911;71507;74856;81907;87728;90301;92954;98977;105542;110412;117456;123265;131817;139389;139946;143107;146016;150127;156174;160913;165092;178571;186229;192274;206103;209504;201967;209530;208244;211085;221966;223347;229493;230893;227433;224509;216511;211256;217871;219115;217564;216366;211998.574
Australia;Nuclear;0;0;0;0;0;0;0;0;0;0;0;0;0;0;0;0;0;0;0;0;0;0;0;0;0;0;0;0;0;0;0;0;0;0;0;0;0;0;0;0;0;0;0;0;0;0;0;0;0
Australia;Renewable sources;11844;11853;11749;13629;15173;15549;13576;14287;15787;13327;14480;14112;12563;12527;14118;14962;14067;15029;15265;14898;16590;16019;17220;17042;16631;16362;17507;16448;17398;17590;18162;17874;18619;18683;20103;21642;21013;19726;18602;21721;26273;26318;32704;36112;33423;37151;40206.632;44442;51755.816
Australia;Total;53045;55583;64411;69603;73579;76392;82487;85794;90643;95234;102208;104413;105517;111504;119660;125374;131523;138294;147082;154287;156536;159126;163236;167169;172805;177275;182599;195019;203627;209864;224265;227378;220586;228213;228347;232727;242979;243073;248095;252614;253706;250827;249215;247368;251294;256266;257770.632;260808;263754.39
Austria;Fossil fuels;11752;11939;11964;11005;11242;14561;12540;12875;12267;12551;10889;10848;10767;11965;11839;11544;12712;11244;12727;16607;17483;13718;13261;15156;16202;17549;17714;16784;17402;16292;18597;18570;22537;21882;23157.554;20735.308;19163.6;19377.72;18512.649;22328.459;20786.993;16682.114;13470.778;10854.586;13587.4;13457.412;15680.532;14253.554;15428.74
Austria;Nuclear;0;0;0;0;0;0;0;0;0;0;0;0;0;0;0;0;0;0;0;0;0;0;0;0;0;0;0;0;0;0;0;0;0;0;0;0;0;0;0;0;0;0;0;0;0;0;0;0;0
Austria;Renewable sources;16450;16986;18952;22400;23691;20273;24788;24802;27930;29049;31347;31371;31165;29674;31873;32395;36933;36853;36391;32635;32649;36154;38049;36896;38904;35790;37819;39031;42348;43435;42232;41895;35251;39627;40884.587;40668.768;43177.482;44530.798;47177.243;44998.337;40908.166;51327.827;50491.402;50186.269;47582.04;51082.56;51055.166;50036.015;54626.637
Austria;Total;28202;28925;30916;33405;34933;34834;37328;37677;40197;41600;42246;42235;41972;41663;43742;43977;49688;48149;49155;49296;50181;49939;51371;52111;55178;53574;55685;55910;59916;59874;61067;60706;58097;61948;64489.9;61975.089;62939.301;64514.998;66314.835;67933.029;62270.095;68709.258;64595.108;61612.475;61864.75;65271.355;67442.847;65019.16;70856.261
Belgium;Fossil fuels;33103;36869;40252;41818;33768;36921;34459;37563;39949;39964;36520;33719;27208;25366;21057;17407;19393;20478;24707;26574;27281;26735;27005;29479;30771;30506;29241;34506;32794;32804;30208;31500;34224;34634;35082;33615;34528;32287;35747;37781;31175;29344;26240;23798.3;26345.7;24950.5;25619.2;26487.5;28287.7
Belgium;Nuclear;0;11;76;148;6784;10036;11939;12513;11407;12549;12859;15664;24106;27743;34601;39394;41967;43102;41217;42722;42861;43456;41927;40624;41356;43336;47408;46165;49017;48157;46349;47360;47379;47312;47595;46645;48227;45568;47222;47944;48234;40295;42644;33703;26103;43523;42226.8;28597;43524
Belgium;Renewable sources;134;180;287;348;266;166;471;483;549;578;672;379;358;375;340;462;577;547;503;555;536;617;507;600;668;561;588;759;850;1044;1075;1138;1192;1497;2106;2952;3486;4418;5439;6494;8377;10458;11675;12266.9;14512.3;14352.8;15868.2;17150.8;18982.5
Belgium;Total;33237;37060;40615;42314;40818;47123;46869;50559;51905;53091;50051;49978;51869;53690;56259;57621;62327;64541;66877;70292;71186;71410;70068;71341;73516;75138;77861;82075;83366;82773;78618;80939;83561;84353;85709;84348;87528;83583;89806;93833;89014;81621;82164;71473;68725.4;84693.6;85648.2;74079.3;92618.2
Canada;Fossil fuels;55105;57277;60173;58152;62040;67408;74468;75319;78373;82798;82480;89078;91183;96340;93061;84707;100465;113047;124767;108342;111242;118746;109691;112156;120481;118555;133373;150814;151180;165750;170766;165566;167264;158825;157180;148724;155903;148521;133046;139762;141436;132107;130342;133107;134604;131951;120209;119754;120986
Canada;Nuclear;4267;7211;15254;14696;12570;17416;26342;31202;35271;38032;40067;38337;48610;52210;60521;71267;77261;82867;79872;72967;84930;80582;93937;107834;97844;92767;82528;71511;73491;72799;76695;75526;74892;90387;92040;97964;93482;96020;90091;90658;93589;94862;103439;107280;101809;101429;101299;100731;101189
Canada;Renewable sources;162461;181639;194654;210667;202470;213396;221216;236386;245466;252448;267913;259934;268037;288460;305322;312500;318518;309920;294827;300691;312248;320904;328435;335629;341626;361553;357645;339270;354220;366993;342265;360012;347332;350599;371381;363056;378468;388488;383340;369445;395675;402187;421251;415910;421186;430044;441055;433500;430964
Canada;Total;221833;246127;270081;283515;277080;298220;322026;342907;359110;373278;390460;387349;407830;437010;458908;468478;496248;505838;499470;482041;508461;520279;532117;555673;560005;572929;573600;561649;578945;605596;589780;601158;589542;599865;620669;609815;627924;633103;608489;602945;633309;631987;657584;658651;657833;663697;662861;654288;653404
Chile;Fossil fuels;3649;3147;3120;2887;2293;2605;2727;3018;3592;3775;3718;2820;2803;3321;2775;2634;2543;4030;6947;8481;5794;3870;4401;6505;7734;12154;12608;18404;23790;20621;19453;19455;23341;27191;24204;24753;32674;32390;30976;36026;39693;44330;46841;40113;42515;44989;44540.232;44237.391;44655.718
Chile;Nuclear;0;0;0;0;0;0;0;0;0;0;0;0;0;0;0;0;0;0;0;0;0;0;0;0;0;0;0;0;0;0;0;0;0;0;0;0;0;0;0;0;0;0;0;0;0;0;0;0;0
Chile;Renewable sources;4875;5787;5646;6410;6439;6672;7049;7342;7542;7976;8260;9051;9821;10176;11265;12110;13094;12885;10864;9891;14167;18493;19602;18772;20293;18579;20689;17105;14600;19457;23078;24216;23488;24017;28280;30567;25835;27314;29649;24296;26020;25421;26060;30349;32872;34319;34876.418;38075.314;36540.06
Chile;Total;8524;8934;8766;9297;8732;9277;9776;10360;11134;11751;11978;11871;12624;13497;14040;14744;15637;16915;17811;18372;19961;22363;24003;25277;28027;30733;33297;35509;38390;40078;42531;43671;46829;51208;52484;55320;58509;59704;60722;60434;65713;69751;73065;70753;75387;79308;79416.65;82312.705;81195.778
Czech Republic;Fossil fuels;35164;38315;40093;41321;44094;46783;49227;51835;48956;50257;51516;52977;54796;55487;54053;52581;49030;50419;51070;48525;47077;45405;44497;43631;45938;48712;49530;49463;48444;57031;56903;54252;55058;54716;54063;54080;58172;53001;49760;51300;51094;48159;45815;45442;46195;48443;47724.083;47429.138;45343.814
Czech Republic;Nuclear;0;0;0;0;0;0;0;0;0;0;0;0;200;1239;2397;6149;10701;11816;12418;12585;12132;12250;12627;12977;12230;12850;12494;13178;13357;13590;14749;18738;25872;26325;24728;26046;26172;26551;27208;27998;28283;30324;30745;30325;26841;24104;28339.6;29921.311;30246.209
Czech Republic;Renewable sources;1208;1264;1081;1819;1814;1446;1967;1830;2293;2399;2061;1670;1655;1298;1671;1876;2465;2099;1643;1161;1089;1402;1530;1781;2407;2261;2193;1983;2358;2284;2577;2998;1879;2741;3132;3520;3410;3731;4654;5902;7248;8065;9309;9172;9422;9384;9620.849;9425.319;10024.583
Czech Republic;Total;36372;39579;41174;43140;45908;48229;51194;53665;51249;52656;53577;54647;56651;58024;58121;60606;62196;64334;65131;62271;60298;59057;58654;58389;60575;63823;64217;64624;64159;72911;74234;75995;82816;83790;81931;83654;87764;83295;81632;85312;86776;86687;86008;85096;82616;82107;85879.808;86981.434;85822.027
Denmark;Fossil fuels;18600;20550;19096;18279;18240;20485;22042;20392;22080;26724;19719;23676;22085;22576;29027;30577;29225;27663;22351;25134;35424;29272;32182;38603;34616;51128;40963;36758;34021;29886;31276;31862;37420;30252;25618;35586;28216;25665;25528;25686;20270;15134;18060;13475.755;9251.922;11444.051;8505.754;8907.179;5335.267
Denmark;Nuclear;0;0;0;0;0;0;0;0;0;0;0;0;0;0;0;0;0;0;0;0;0;0;0;0;0;0;0;0;0;0;0;0;0;0;0;0;0;0;0;0;0;0;0;0;0;0;0;0;0
Denmark;Renewable sources;24;24;24;24;24;24;22;26;31;41;44;50;94;96;117;206;264;405;577;825;1057;1352;1607;1743;1852;2079;2929;3925;4379;5572;5846;6789;8078;9519;9812;9201;10305;10096;10064;12429.114;14180.801;14836.813;15967.036;17984.075;18937.051;18390.025;21813.007;20765.709;23168.91
Denmark;Total;18624;20574;19120;18303;18264;20509;22064;20418;22111;26765;19763;23726;22179;22672;29144;30783;29489;28070;22933;25982;36545;30738;33974;40578;36759;53582;44315;41113;38920;36053;37729;39287;46186;40430;36246;45611;39316;36616;36384;38862.032;35229.069;30700.702;34742.088;32184.012;28940.632;30538.406;31041.724;30376.585;29278.208
Estonia;Fossil fuels;;;;;;;;;;;;;;;;;;;;17181;14627;11830;9116;9149;8685;9096;9207;8505;8252;8495;8465;8497;10110;10244;10094;9602;12045;10384;8238;11920;11714;10490;11995;10984;8768;10533;10975.299;10274;5418
Estonia;Nuclear;;;;;;;;;;;;;;;;;;;;0;0;0;0;0;0;0;0;0;0;0;0;0;0;0;0;0;0;0;0;0;0;0;0;0;0;0;0;0;0
Estonia;Renewable sources;;;;;;;;;;;;;;;;;;;;0;0;1;1;3;8;7;11;16;16;18;18;30;49;60;111;130;145;197;541;1044;1179;1477;1220;1389;1502;1524;1801.193;1988.802;2109.724
Estonia;Total;;;;;;;;;;;;;;;;;;;;17181;14627;11831;9117;9152;8693;9103;9218;8521;8268;8513;8483;8527;10159;10304;10205;9732;12190;10581;8779;12964;12893;11967;13275;12446;10398;12186;12917.492;12359.802;7615.724
Finland;Fossil fuels;11054;12982;15587;15000;14019;19820;18318;22726;21631;23509;12591;11311;10898;13174;18324;17818;19961;20963;21698;19146;20278;18405;21712;27944;25274;31882;27841;23547;24957;23855;29869;32467;42102;37039;23419;36555;33080;26095;26326;33157;25609;18309;21393;17575;14194;14447;12698;14528;12300
Finland;Nuclear;0;0;0;0;0;0;2660;3264;6742;7022;14665;16776;17720;18867;19059;19059;19646;19554;19090;19216;19511;19260;19928;19427;19216;19476;20894;21853;22974;22479;22773;22295;22731;22716;23271;22906;23423;22958;23526;22800;23187;22987;23606;23580;23245;23203;22477;22793;23882
Finland;Renewable sources;10627;10323;10515;12631;12152;9435;12120;9742;10870;10216;13653;13088;13579;13246;12333;12389;13795;13361;13029;16015;18197;20060;19439;18260;19545;17761;20151;24408;21193;23379;21547;19830;19065;25631;23468;22466;24323;27781;21699;24195;24175;28560;25629;26271;30527;30412;31475.872;32139.494;31723
Finland;Total;21681;23305;26102;27631;26171;29255;33098;35732;39243;40747;40909;41175;42197;45287;49716;49266;53402;53878;53817;54377;57986;57725;61079;65631;64035;69373;69176;70167;69457;69976;74486;74955;84326;85845;70582;82312;81245;77432;72069;80674;73501;70411;71257;68094;68599;68757;67524.168;70262.747;68715
France;Fossil fuels;96951;106963;119278;115151;106242;140933;115535;126639;133398;125823;97360;98198;80867;64874;55680;43029;39498;37266;51429;47118;60342;50236;34336;33385;38145;42878;38490;53938;50765;49539;45005;51127;55730;54812;61699;55297;56347;53661.112;49234.197;55594.113;57225.169;54162.436;51114.71;33405.12;42352.597;54187.565;62682.566;47234.355;51164.512
France;Nuclear;9336;14592;14741;14695;18248;15778;17986;30483;39960;61251;105326;108919;144261;191234;224100;254155;265520;275521;303931;314081;331340;338445;368188;359981;377231;397340;395483;387990;394244;415162;421076;436760;441070;448241;451529;450191;439730;439447;409736;428521;442387.763;425406.017;423684.671;436479.009;437427.808;403195.482;398359.129;412941.812;399011.587
France;Renewable sources;49562;49646;48489;57001;60804;49146;76929;69023;67111;70234;72944;71351;70231;66545;62774;63389;71424;77445;47989;55779.327;59703.705;71090.078;66871.211;80956.224;75453.821;68474.734;66451.925;64767.477;75406.29;69402.472;77738.588;64205.716;63056.407;63940.383;56324.378;62338.8;65907.989;73825.353;69658.171;78195.617;66025.908;85208.446;99283.493;93961.148;91831.695;99012.86;92616.503;113397.461;112843.579
France;Total;155849;171201;182508;186847;185294;205857;210450;226145;240469;257308;275630;278468;295359;322653;342554;360573;376442;390232;403534;417200.327;451612.705;460011.078;469654.211;474592.224;491200.821;509159.734;500974.925;507266.477;521237.29;535184.472;545286.588;553629.716;561503.407;568710.383;571209.378;569431.8;564112.989;569092.465;530953.368;564475.73;568351.721;567726.995;577017.758;566720.931;574581.986;559337.634;556796.356;576637.227;566215.599
Germany;Fossil fuels;304810;320343;344101;355488;339469;374509;363778;382100;393141;386245;377310;368972;375785;375899;360002;368345;364406;365687;372644;372498;367767;350963;344460;345913;348528;358647;349005;359151;349085;361442;364835;365426;388668;383139;383711;386133;397891;385401;352440;372550;366773;371343;374945;352838;352936;361336;346079;327585;285039
Germany;Nuclear;6216;9522;12106;14459;24138;29533;41255;43873;52064;55589;65533;74426;78063;104317;138641;130489;141725;156820;161671;152468;147229;158804;153276;150703;153091;160016;170328;161644;170004;169606;171305;164842;165060;167065;163055;167269;140534;148495;134932;140556;107971;99460;97290;97129;91786;84634;76324;76005;75071
Germany;Renewable sources;16223;16016;18145;18686;18156;15099;18794;19623;19699;21921;22839;22382;21172;21119;20203;21166;22643;22441;20759;19093;16979;19735;20520;23433;25932;26551;23062;24902;28717;35475;37895;44477;46670;57957;63402;72511;89368;94283;95938;105180;124038;143044;152339;162526;188786;189672;216323;224767;244197
Germany;Total;327249;345881;374352;390563;383770;421423;426053;447974;467573;466340;467737;468109;476810;503233;520560;521813;530467;547109;557397;547650;535826;533672;522487;525205;532814;550691;548011;552375;552545;572313;581886;581954;604680;612355;616335;633354;634437;635195;590819;626720;607283;622220;632917;621949;642388;644861;647718;636990;612099
Greece;Fossil fuels;8910;10444;12594;12673;14105;15964;17063;18062;18536;19248;19986;19711;21643;21942;24935;24889;27305;30795;32309;33004;32642;34877;35716;37669;37632;37910;39261;42233;44445;49118;50041;50260;51872;52756;52921;52475;58092;57143;52890;46716;50916;50560;42680;38066;36860;39316;41387.791;36811.763;31578.621
Greece;Nuclear;0;0;0;0;0;0;0;0;0;0;0;0;0;0;0;0;0;0;0;0;0;0;0;0;0;0;0;0;0;0;0;0;0;0;0;0;0;0;0;0;0;0;0;0;0;0;0;0;0
Greece;Renewable sources;2652;2677;2223;2347;2015;1879;1922;2988;3566;3405;3407;3561;2340;2862;2805;3235;2781;2367;1901;1771;3101;2212;2330;2637;3564;4386;3918;3787;4755;4144;2932;3577;5892;5918;6406;7679;4594;5750;8185;10522;8143;10151;14349;12177;14850;14893.3;13801.039;16148.429;16837.763
Greece;Total;11562;13121;14817;15020;16120;17843;18985;21050;22102;22653;23393;23272;23983;24804;27740;28124;30086;33162;34210;34775;35743;37225;38137;40381;41299;42411;43292;46180;49395;53425;53076;53945;57905;58813;59427;60179;62711;62912;61094;57367;59172;60771;57114;50343;51822;54416.3;55188.83;53246.332;48720.478
Hungary;Fossil fuels;14898;16213;17542;18904;20309;21885;23253;25405;24373;23764;24132;24616;23162;22302;20102;20438;18549;15575;15525;14493;15995;17472;18876;19215;19726;20612;21118;22974;23435;20713;21976;21938;22763;20831;19980;20773;23254;22736;17470;18438;17491;16078;12003;10430;11093;12300;13021;12158;12824
Hungary;Nuclear;0;0;0;0;0;0;0;0;0;0;0;0;2473;3766;6480;7424;10986;13445;13891;13731;13726;13964;13796;14049;14026;14180;13968;13949;14096;14180;14126;13953;11013;11915;13834;13461;14677;14818;15426;15761;15685;15793;15370;15649;15834;16054;16098;15733;16288
Hungary;Renewable sources;96;110;101;81;163;165;149;138;146;112;168;159;155;208;185;178;192;191;162;195;218;204;205;206;219;257;269;215;246;243;257;237;336;936;1870;1493;1883;2357;2895;3020;2708;2646;2788;3151;3229;3258;3482;3753;4578
Hungary;Total;14994;16323;17643;18985;20472;22050;23402;25543;24519;23876;24300;24775;25790;26303;26796;28064;29749;29233;29581;28436;29963;31685;32915;33515;34018;35090;35397;37190;37832;35191;36415;36157;34145;33708;35756;35859;39960;40025;35908;37371;36019;34635;30294;29403;30360;31902;32885;32004;34082
Iceland;Fossil fuels;49;48;87;73;73;57;70;53;56;47;35;11;7;4;4;5;5;7;6;6;7;6;5;5;9;5;4;5;5;5;4;6;6;4;5;4;2;2;2;2;2;3;5;3;4;3;2.085;1.875;3.176
Iceland;Nuclear;0;0;0;0;0;0;0;0;0;0;0;0;0;0;0;0;0;0;0;0;0;0;0;0;0;0;0;0;0;0;0;0;0;0;0;0;0;0;0;0;0;0;0;0;0;0;0;0;0
Iceland;Renewable sources;1572;1746;2233;2293;2250;2392;2562;2654;2899;3137;3260;3622;3821;3973;3896;4109;4205;4471;4531;4504;4487;4540;4722;4775;4972;5118;5582;6276;7183;7679;8029;8410;8494;8619;8681;9926;11974;16465;16832;17057;17209;17546;18111;18120;18795;18547;19236.448;19827.885;19483.943
Iceland;Total;1621;1794;2320;2366;2323;2449;2632;2707;2955;3184;3295;3633;3828;3977;3900;4114;4210;4478;4537;4510;4494;4546;4727;4780;4981;5123;5586;6281;7188;7684;8033;8416;8500;8623;8686;9930;11977;16467;16834;17059;17211;17549;18116;18123;18799;18550;19238.533;19829.76;19487.119
Ireland;Fossil fuels;5838;6207;6704;6845;7000;7714;8272;8948;9814;9728;9667;9728;10000;10548;10908;11388;11948;12023;12842;13532;14184;14958;15369;15889;16875;18157;18880;19708;20641;22488;23605;23461;23723;23821;23753;24641;25053.112;26320.393;23849.36;24447.612;21740.434;21837.246;19882.622;19346.258;20166.978;22634.766;21630.669;20400.058;18653.866
Ireland;Nuclear;0;0;0;0;0;0;0;0;0;0;0;0;0;0;0;0;0;0;0;0;0;0;0;0;0;0;0;0;0;0;0;0;0;0;0;0;0;0;0;0;0;0;0;0;0;0;0;0;0
Ireland;Renewable sources;466;682;644;786;521;594;749;698;826;838;862;802;784;688;833;919;681;872;692;697;746;822;780;939;729;763;809;1170;1125;1186;1027;1382;1138;1394;1873.432;2474.747;2794.954;3587.221;4108.959;3728.782;5423.594;5256.269;5627.591;6392.147;7861.483;7513.445;8879.339;10194.571;11122.477
Ireland;Total;6304;6889;7348;7631;7521;8308;9021;9646;10640;10566;10529;10530;10784;11236;11741;12307;12629;12895;13534;14229;14930;15780;16149;16828;17604;18920;19689;20878;21766;23674;24632;24843;24861;25215;25626.432;27115.747;27848.066;29907.614;27958.319;28176.394;27164.028;27143.263;25575.683;25807.998;28102.522;30221.011;30669.31;30896.217;30047.551
Israel;Fossil fuels;7639;8478;8720;9158;9712;10361;11108;11874;12436;12404;12975;13639;14354;14663;15430;16028;17667;19342;20450;20895;21508;25115;25989;28401;30400;32507;35075;37930;39182;42630;43931;45468;46998;47240;48563;50533;53768;56750;54641;58389;59298;62519;60751;59892;63012;65318;65741.881;66977.913;68664.806
Israel;Nuclear;0;0;0;0;0;0;0;0;0;0;0;0;0;0;0;0;0;0;0;0;0;0;0;0;0;0;0;0;0;0;0;0;0;0;0;0;0;0;0;0;0;0;0;0;0;0;0;0;0
Israel;Renewable sources;0;0;0;0;0;0;0;0;0;0;2;2;1;2;2;6;10;10;3;3;6;29;26;23;25;24;25;25;33;31;20;32;43;39;39;25;24;31.502;99.162;170.706;300.374;483.959;570.977;921.482;1214.335;1657.503;1690.564;1756.99;2899.292
Israel;Total;7639;8478;8720;9158;9712;10361;11108;11874;12436;12404;12977;13641;14355;14665;15432;16034;17677;19352;20453;20898;21514;25144;26015;28424;30425;32531;35100;37955;39215;42661;43951;45500;47041;47279;48602;50558;53792;57001.502;55008.162;58591.706;59678.374;63002.959;61321.977;60813.482;64226.335;66975.503;67674.475;68893.869;71723.064
Italy;Fossil fuels;77267;85113;99406;101902;96971;114988;106704;119389;126599;132062;129744;130039;129488;126876;130909;135358;154708;156019;169722;178190;172802;176501;174077;180060;195366;192602;199374;206015;206587;217762;215971;227646;237404;239540;245805;254392;257790;252749;216705;218886;214572;202058;172850;154324;169632;176682;186972.158;170522.346;171959
Italy;Nuclear;3365;3626;3142;3410;3800;3807;3385;4428;2628;2208;2707;6804;5783;6887;7024;8758;174;0;0;0;0;0;0;0;0;0;0;0;0;0;0;0;0;0;0;0;0;0;0;0;0;0;0;0;0;0;0;0;0
Italy;Renewable sources;43288;45155;41368;42042;45007;42988;54869;49302;49772;49204;46503;44983;44838;45873;44304;44779;43410;44671;37258;34905;45539;45767;45223;48240;41458;46223;46206;46476;51315;50879.446;54347.273;48316.358;46865.8;53870.877;48438.733;50635.311;47714.227;58162.96;69254.482;76965.764;82962.721;92222.893;112011.395;120679.441;108905.324;108022.756;103897.658;114414.664;114837.5
Italy;Total;123920;133894;143916;147354;145778;161783;164958;173119;178999;183474;178954;181826;180109;179636;182237;188895;198292;200690;207115;213147;218449;222668;219745;228740;237364;239398;246524;253655;259255;269941.446;271893.273;277533.358;286277.8;295776.877;296839.733;307691.311;308221.227;313526.96;288334.482;298773.764;300647.721;297297.893;287908.395;278116.441;281561.324;287942.756;294004.051;287992.096;289970
Japan;Fossil fuels;290700;331100;388633;354497;364515;389123;424444;427812;433304;400748;403966;384451;404390;424874;411237;407518;434993;462417;501195;541315.015;546947.144;558412.488;524451.808;590071.396;570631.5;582048.632;577841.162;563304.32;601770.278;615212.743;602711.142;646800.06;678195.872;665988.478;676120.756;668943.381;749519.441;722167.667;679434.705;732583.673;855442.521;934670.548;936723.997;905493.295;861134.082;849011.059;822052.813;768523.011;703367.319
Japan;Nuclear;8000;9500;9707;19699;25125;34079;31659;59313;70393;82591;87820;102430;114291;134264;159578;168304;187758;178659;182869;202271.703;213459.852;223259.068;249256.053;269126.701;291253.999;302200.607;319177.424;332342.898;316615.864;322049.543;319858.512;295094.715;240013.328;282442.148;304754.543;303426.205;263832.228;258127.915;279749.614;288230.48;101761.003;15939.413;9302.75;0;9437.285;18059.967;32911.743;64929.104;63778.976
Japan;Renewable sources;84200;85100;67047;82780;83506;83790;73268;70647;81643;89192;88490;91498;95304;83711;95574;94620;89598;106278;108789;98430.941;105892.485;91913.126;104113.497;75981.431;91776.592;89224.592;99413.771;101265.875;97232.386;97692.259;94769.49;95014.019;110145.857;109883.88;97637.372;109876.267;96348.754;99397.382;100974.105;111977.215;114754.555;108606.025;119441.038;134641.77;151844.29;150798.401;169420.667;176912.658;184405.001
Japan;Total;382900;425700;465387;456976;473146;506992;529371;557772;585340;572531;580276;578714;614392;643359;666941;671104;713011;748135;793685;861541.918;886501.153;893583.856;897985.332;956656.317;976636.486;996999.063;1019477.949;1016495.184;1035862.903;1055046.899;1037513.95;1057135.44;1049482.12;1078743.349;1099417.076;1103915.849;1131454.739;1101938.014;1085220.506;1164017.296;1103942.551;1091794.572;1098753.071;1072657.679;1054595.387;1055690.097;1063893.379;1050374.056;992495.86
Korea;Fossil fuels;9220;10472;13541;14929;18437;21328;25123;27378;30120;31778;34601;37340;37162;39617;37603;31565;28034;40595;41742;46122;53457;64775;80667;100764;111098;125851;142132;122036;128265;175437;192724;207215;208337;231142;236937;249362;278246;288444;298953;341395;356866;372452;389095;379353;371960;379015;393250.525;426855.88;400447.116
Korea;Nuclear;0;0;0;0;0;0;71;2324;3152;3477;2897;3777;8965;11792;16745;28311;39314;40101;47365;52887;56311;56530;58138;58651;67029;73924;77086;89689;103064;108964;112133;119103;129672;130715;146779;148749;142937;150958;147771;148596;154723;150327;138784;156407;164762;161995;148426.725;133505.261;145909.67
Korea;Renewable sources;1320;1367;1284;1906;1683;1789;1393;1808;2328;1984;2709;2005;2723;2399;3659;4019;5344;3566;4588;6362;3487;3099;4230;2349;3012;2830;2895;4343;4257;4111;4258;3434;5123;4631;4052;4018;4557;4376;4687;6186;7479;7093;8783;8553;10642;15884;18620.917;23025.955;28249.962
Korea;Total;10540;11839;14825;16835;20120;23117;26587;31510;35600;37239;40207;43122;48850;53808;58007;63895;72692;84262;93695;105371;113255;124404;143035;161764;181139;202605;222114;216069;235596;288526;309137;329804;343191;366612;387874;402270;425905;443936;451676;496718;520053;530935;537891;545866;549047;558816;562693.219;586200.132;577869.175
Latvia;Fossil fuels;;;;;;;;;;;;;;;;;;;;2152;2369;1313;1048;1135;1042;1265;1551;1479;1350;1313;1441;1490;1637;1493;1492;2105;1943;2062;2013;2992;3017;2058;2675;2337;2757;2944;2069.489;3226.28;3246.275
Latvia;Nuclear;;;;;;;;;;;;;;;;;;;;0;0;0;0;0;0;0;0;0;0;0;0;0;0;0;0;0;0;0;0;0;0;0;0;0;0;0;0;0;0
Latvia;Renewable sources;;;;;;;;;;;;;;;;;;;;4496;3275;2521;2876;3305;2937;1861;2955;4318;2759;2823;2839;2485;2338;3196;3414;2786;2828;3212;3556;3635.563;3076.862;4109.223;3534.063;2802.351;2776.49;3480.41;5461.7;3498.595;3192.11
Latvia;Total;;;;;;;;;;;;;;;;;;;;6648;5644;3834;3924;4440;3979;3126;4506;5797;4110;4136;4280;3975;3975;4689;4906;4891;4771;5274;5569;6627.563;6093.862;6167.223;6209.063;5139.351;5533.49;6424.41;7531.189;6724.875;6438.385
Lithuania;Fossil fuels;;;;;;;;;;;;;;;;;;;;10920;11991;3582;1264;1575;1296;1939;2024;3130;2752;2271;2604;2656;2845;3052;3418;2794;2825;2593;2836;3833;2877;3119;2425;1911;2254;1207;736.671;461.7;591.515
Lithuania;Nuclear;;;;;;;;;;;;;;;;;;;;17033;17000;14638;12260;7706;11822;13942;12024;13554;9862;8419;11362;14142;15484;15102;10337;8651;9833;9894;10852;0;0;0;0;0;0;0;0;0;0
Lithuania;Renewable sources;;;;;;;;;;;;;;;;;;;;414;338;311;393;452;373;326;296;417;415;340;328;358;332;428;460;435;581;602;684;911;1112;1183;1526;1511;1678;2095;2537.877;2204.6;2469.042
Lithuania;Total;;;;;;;;;;;;;;;;;;;;28405;29363;18548;13934;9755;13520;16241;14388;17153;13089;11121;14362;17294;18828;18752;14415;12077;13470;13327;14643;4994;4246;4529;4214;3708;4258;3676;3608.229;2982.5;3369.313
Luxembourg;Fossil fuels;1278;1303;1347;1159;983;1050;1030;1031;976;790;585;412;344;409;397;454;423;460;509;520;579;558;564;450;346;338;274;195;204;214.841;666.925;2624.366;2619.576;3152.629;3106.545;3247.284;2895.204;2402.198;2842.717;2916.54;2341.022;2388.207;1421.114;1451.304;837.784;258.179;221.212;195.495;177.283
Luxembourg;Nuclear;0;0;0;0;0;0;0;0;0;0;0;0;0;0;0;0;0;0;0;0;0;0;0;0;0;0;0;0;0;0;0;0;0;0;0;0;0;0;0;0;0;0;0;0;0;0;0;0;0
Luxembourg;Renewable sources;55;65;47;83;71;46;94;94;107;113;126;113;109;111;105;117;133;133;104;82.505;97.976;81.77;81.712;101.08;107.493;75.448;102.919;142.551;121.855;170.638;167.692;151.284;141.137;195.231;209.051;245.628;264.556;282.383;267.811;268.033;245.773;308.056;370.171;397.63;430.786;457.203;600.389;684.48;772.774
Luxembourg;Total;1333;1368;1394;1242;1054;1096;1136;1139;1098;918;728;542;470;538;519;588;578;616;632;624;701;660;671;577;487;440;406;366;359.619;419.164;868.069;2809.567;2789.878;3381.942;3344.637;3527.592;3199.737;2724.166;3151.51;3230.949;2648.787;2755.854;1850.181;1904.402;1334.71;784.841;898.824;956.933;1027.771
Mexico;Fossil fuels;16658;19008;20750;23812;28274;29746;32475;40140;43082;49161;47595;55870;59789;61912;65111;73724;81245;84381;88325;84296;95543;94858;96286;114905;107798;110919;123610;140978;141468;156722;168658;175619;197072;194062;201853;207404;217473;212265;222541;223863;247488;255831;245841;238849;251636;260776;259561.593;266727.703;263206.377
Mexico;Nuclear;0;0;0;0;0;0;0;0;0;0;0;0;0;0;0;0;0;0;372;2937;4242;3919;4931;4239;8443;7878;10456;9265;10002;8221;8726;9747;10502;9194;10805;10866;10421;9804;10501;5879;10089;8770;11800;9677;11577;10567;10883;13674.91;11459.575
Mexico;Renewable sources;14381;15352;16350;17172;15650;17778;19784;16850;19003;17801;25562;24178;22088;25018;27878;23410;22757;25481;29008;28604;28785;34087;34456;27987;36007;38894;33427;32061;40040;40732;36604;32855;28643;34327;38110.445;39531.914;37377.285;47245.71;34666.598;45748.193;45074.587;42361.193;39543.059;52893.038;47470.921;49148.548;51499.618;54695.975;56102.608
Mexico;Total;31039;34360;37100;40984;43924;47524;52259;56990;62085;66962;73157;80048;81877;86930;92989;97134;104002;109862;117705;115837;128570;132864;135673;147131;152248;157691;167493;182304;191510;205675;213988;218221;236217;237583;250768.445;257801.914;265271.285;269314.71;267753.417;275537.987;302749.208;307227.973;297325.789;301495.764;310712.041;320564.159;322061.825;335582.817;331267.8
Netherlands;Fossil fuels;44499;49225;51519;51484;50120;53393;53709;56325;59869;59582;59310;56150;55830;59050;58604;62385;64158;65083;68071;67092;69561;71833;71395;73879;74847;78352;80846;83654;79004;81277;84938;86631;87255;90553;86789;85745;91695;92238;96966;102386;95619;84936.321;84812.021;85848;90834.361;94629.682;94609.932;89960.631;92650.955
Netherlands;Nuclear;405;326;1108;3277;3335;3872;3710;4060;3489;4200;3658;3897;3589;3711;3899;4216;3556;3675;4019;3502;3329;3800;3948;3967;4018;4160;2408;3814;3832;3926;3976;3915;4018;3822;3997;3469;4200;4169;4248;3969;4141;3915;2891;4091;4077;3960;3402.478;3514.77;3909.748
Netherlands;Renewable sources;0;0;0;0;803;872;867;1211;1106;1024;1085;265;231;17;444;557;705;853;960;806.509;935.39;995.014;1107.049;1257.709;1404.606;1815.958;2015.383;2327.666;2507.384;2971.01;3302.195;3975.397;3961.849;5306.739;7446.935;8049.957;7582.729;9530.776;10835.016;11196.671;12320.182;12480.756;12105.834;11647.501;13684.975;14776.905;17436.5;18884.315;22360.227
Netherlands;Total;44904;49551;52627;54761;54258;58137;58286;61596;64464;64806;64053;60312;59650;62778;62947;67158;68419;69611;73050;71968.102;74384.14;77257.233;77159.177;79866.581;81156.238;85423.456;86521.735;91114.507;86720.436;89630.027;93663.405;95982.021;96817.619;101213.681;99922.539;98832.122;105164.301;107551.973;113689.499;119269.286;113961.185;103235.009;101630.228;103357.364;110380.011;115212.388;117263.243;114468.275;121352.065
New Zealand;Fossil fuels;1105;2081;2972;3049;2086;4956;5741;4486;1990;2171;2486;5484;4762;5719;6488;5224;5440;5071;6861;6382.731;7528.177;8953.957;7808.281;6188.496;5755.566;7568.565;11031.524;9092.252;11457.513;11118.305;14369.508;12300.467;13765.077;11746.546;15207.711;15249.222;15051.509;15597.169;12233.373;11970.471;10565.629;12437.101;11107.332;9032.566;8754.779;6835.213;8294.399;7325.092;8140.503
New Zealand;Nuclear;0;0;0;0;0;0;0;0;0;0;0;0;0;0;0;0;0;0;0;0;0;0;0;0;0;0;0;0;0;0;0;0;0;0;0;0;0;0;0;0;0;0;0;0;0;0;0;0;0
New Zealand;Renewable sources;14373;15532;15559;15779;18478;16500;16090;17738;20092;20425;20988;19486;21731;21720;21236;23352;23681;24819;24497;25814.454;25701.719;23876.602;26399.85;28596.284;30238.502;28837.068;26010.346;28451.381;26293.54;28061.947;25150.681;28227.733;26901.419;30839.612;27598.347;28114.323;28687.676;28174.953;31157.179;32833.366;33795.947;31784.961;32097.981;34454.631;35416.986;36810.278;35848.212;37002.152;36529.597
New Zealand;Total;15478;17613;18531;18828;20564;21456;21831;22224;22082;22596;23474;24970;26493;27439;27724;28576;29121;29890;31358;32264.262;33296.933;32897.673;34275.239;34851.916;36061.156;36473.069;37108.958;37610.721;37818.141;39247.34;39570.727;40627.855;40756.861;42674.915;42887.166;43439.819;43795.808;43832.144;43447.538;44864.993;44411.09;44259.873;43252.656;43537.904;44224.207;43700.033;44192.333;44380.042;44724.513
Norway;Fossil fuels;283;175;162;56;71;96;229;133;146;137;127;268;321;327;337;413;488;421;442;88;94;94;99;253;273;371;324;308;373;292;343;353;460;508;530;637;936;606;4362;5031;4226;2835;2638;2787;2773;2776;2735;2794.069;2512.421
Norway;Nuclear;0;0;0;0;0;0;0;0;0;0;0;0;0;0;0;0;0;0;0;0;0;0;0;0;0;0;0;0;0;0;0;0;0;0;0;0;0;0;0;0;0;0;0;0;0;0;0;0;0
Norway;Renewable sources;63245;67417;72867;76597;77330;81933;72022;80706;88698;83613;92834;92499;105688;105903;102388;96227;103294;108884;118429;121358;110343;116898;119483;111922;121829;104174;110027;115984;121750;142105;120745;129697;106028;109392;136520;120393;134934;140354;126487;117972;121901;143598;130415;137945;140073;145156;145479;142878.404;130704.289
Norway;Total;63528;67592;73029;76653;77401;82029;72251;80839;88844;83750;92961;92767;106009;106230;102729;96666;103803;109332;118899;121611;110563;117112;119718;112323;122242;104698;110494;116431;122287;142511;121327;130240;106669;110107;137245;121222;136112;141197;130979;123227;126265;146577;133511;141255;143398;148432;148734;146178.041;133750.983
Poland;Fossil fuels;67799;74270;82157;88823;94460;101698;106567;112790;114657;118183;111601;114603;122052;130945;133274;135984;141454;139959;141476;132740;130865;128756;129926;131204;134790;138859;138369;138208;137619;140765;140863;139579;147729;149036;151167;156115;153062;148017;142383;146073;149845;144721;146810;138473;141467;143066;145494.084;147442.082;137268.671
Poland;Nuclear;0;0;0;0;0;0;0;0;0;0;0;0;0;0;0;0;0;0;0;0;0;0;0;0;0;0;0;0;0;0;0;0;0;0;0;0;0;0;0;0;0;0;0;0;0;0;0;0;0
Poland;Renewable sources;1670;1688;1679;2357;2201;1828;2222;2213;2047;2597;2406;1812;2037;1753;2249;1917;1854;1887;1712;1495;1508;1618;1549;1784;1955;2064;2132;2533;2352;2332;2783;2767;2250;3207;3847;4291;5430;6608;8678;10888;13137;16879;17067;19843;22683;22807;24122.125;21617.185;24848.467
Poland;Total;69537;76045;83908;91271;96784;103648;108925;115121;116818;120941;114129;116542;124201;132848;135662;138058;143439;141961;143319;134438;132728;130687;131779;133294;137042;141194;140935;140771;140001;143174;143721;142499;150009;152550;155359;160764;158761;154710;151121;157089;163118;161711;164022;158508;164341;166153;169991.027;169622.05;162713.609
Portugal;Fossil fuels;1583;1641;2267;2677;4055;5029;3575;3556;4644;6871;8494;8083;9622;9057;7569;11207;10336;9534;19067;18503;19881;24122;21552;19695;23764;18633;19906;24760;34214;30247;30172;35656;28540;32245;37623;32548;30392;30543;30893;25008;27448;25947;20764;20143;26601;26512;34840.542;28739.848;24052.965
Portugal;Nuclear;0;0;0;0;0;0;0;0;0;0;0;0;0;0;0;0;0;0;0;0;0;0;0;0;0;0;0;0;0;0;0;0;0;0;0;0;0;0;0;0;0;0;0;0;0;0;0;0;0
Portugal;Renewable sources;6313;7199;7525;8008;6646;5017;10200;11043;11471;8335;5330;7274;8431;10138;11241;9120;9767;12886;6482;9839;9847;5501;9438;11638.999;9380;15784;14226.001;14147;8622;12868;15741;9733;17703;12314.001;8259.663;15722.179;16217.972;14642.047;18291.267;28352.897;24114.581;19371.083;29471.908;31560.364;24371.891;32310.659;22573.243;29402.062;27320.561
Portugal;Total;7896;8840;9792;10685;10701;10046;13775;14599;16115;15206;13824;15357;18053;19195;18810;20327;20103;22420;25549;28342;29728;29623;30990;31333.999;33144;34417;34132.001;38907;42914;43372;46168;45650;46521;44827.001;46187.663;48576.179;46895.972;45475.047;49482.267;53690.897;51887.581;45577.083;50534.908;51959.364;51280.891;59142.659;57697.08;58401.171;51660.863
Slovak Republic;Fossil fuels;9389;10274;10745;10177;11180;12056;12785;13154;12812;13187;12606;12184;11250;11153;10446;10338;9677;9263;9281;11581;11164;10245;9089;8508;10111;9978;9913;10059;10483;9657;9646;8813;9507;9273;8905;8361;7550;7437;6872;6886;7774;7265;6348;5277;5320;5262;5646;5900;5875
Slovak Republic;Nuclear;0;3;232;486;187;442;114;19;2147;4523;5133;5840;6150;7239;9382;11716;11513;11474;12157;12036;11689;11050;11486;12595;11437;11249;11073;11394;13117;16494;17103;17953;17864;17026;17727;18012;15334;16703;14081;14574;15411;15495;15720;15499;15146;14774;15081;14843;15505
Slovak Republic;Renewable sources;1476;1546;1322;2223;2002;2019;2408;2259;1884;2257;1966;1726;1832;1555;2117;1675;1932;1755;1962;1880;1408;1937;3467;4355;4880;4227;4064;4267;4474;4615;5081;5420;3581;4126;4676;4803;4934;4563;4911;5940;4999;5474;6353;6229;6040;6629;6532;5806;6120
Slovak Republic;Total;10865;11823;12299;12886;13369;14517;15307;15432;16843;19967;19705;19750;19232;19947;21945;23729;23122;22492;23400;25497;24261;23232;24044;25458;26428;25454;25053;25732;28105;30798;31856;32212;30986;30460;31352;31251;27892;28760;25919;27464;28288;28328;28514;27148;26632;26817;27439;26682;27583
Slovenia;Fossil fuels;;;;;;;;;;;;;;;;;;;;4872;4184;4950;4955;4887;4882;4737;5065;5237;4794;4959;5341;5656;5528;5592;5652;5859;5964;5815;5753;5844;5812;5685;5392;4175;4806;5441;5311.622;5118.757;5026.713
Slovenia;Nuclear;;;;;;;;;;;;;;;;;;;;4622;4952;3971;3956;4609;4779;4647;5019;5042;4696;4761;5257;5528;5207;5459;5884;5548;5695;6273;5739;5657;6215;5528;5300;6370;5648;5715;6285.272;5776.439;5821.257
Slovenia;Renewable sources;;;;;;;;;;;;;;;;;;;;2950;3608;3423;3035;3399;3252;3673;3092;3449;3772;3904;3868;3414;3079;4215;3575;3703;3379;4308;4907;4749;3880;4329;5110;6611;4355;5057;4447.847;5236.568;5034.659
Slovenia;Total;;;;;;;;;;;;;;;;;;;;12444;12744;12344;11946;12895;12913;13057;13176;13728;13262;13624;14466;14598;13820;15271;15117;15115;15043;16399;16403;16255;15915;15548;15809;17163;14817;16221;16053.65;16142.064;15892.172
Spain;Fossil fuels;27194;27634;40147;42234;48376;60571;46228;50072;51355;74128;78062;77917;77110;62986;65675;63738;63389;52199;71075;70776;71232;81180;74128;76351;85452;75357;96253;96877;118939;123614;119724;143436;139325;159622;184198;182377;187392;188773;163926;137736;145326;144620;112631;106689;122415;107194;126152;111218;111343
Spain;Nuclear;2523;4751;6545;7223;7544;7555;6524;7649;6700;5186;9568;8771;10661;23086;28044;37458;41271;50466;56126;54268;55578;55782;56060;55313;55455;56330;55298;58993;58852;62206;63708;63016;61875;63606;57539;60126;55103;58973;52761;61990;57718;61470;56726;57305;57196;58633;58039;55766;58448
Spain;Renewable sources;31868;35530;28968;30619;26178;21119;39937;40567;46648;29912;22366;26818;27607;32034;31898;27032;27946;35919;19890;26035;27813;19606;25128;29065;24381;41251;36977;36894;27210;34490;49295;33170;55762;50138;42270;52155;58290;62143;74080;97776;87522;86962;111405;110269;97088;104632;87924;103885;100900
Spain;Total;61585;67915;75660;80076;82098;89245;92689;98288;104703;109226;109996;113506;115378;118106;125617;128228;132606;138584;147200;151209;154753;156704;155443;160907;165601;173371;189153;193399;205633;220917;233060;239905;257292;276620;289452;295588;301846;310978;291869;298320;291532;293942;281444;274949;277683;271302;272978;271983;271857
Sweden;Fossil fuels;14272;16219;15678;15434;10625;15213;16221;11074;12600;10181;4460;4360;2841;2542;5144;5166;4715;4227;3250;3285;5039;5956;6916;8088;7732;12276;7183;6848;6718;4531;5921;7180;8907;5213;3890;4242;3606;3711;3878;7326;4398;2932;2693;1811;1938;2072;1790;2089;2667
Sweden;Nuclear;90;1465;2111;2054;11969;15993;19913;23781;21039;26488;37679;39045;41004;50926;58561;69951;67385;69424;65603;68185;76761;63544;61395;73156;69935;74274;69928;73583;73188;57316;72109;68111;67415;77486;72377;66977;66969;63889;52173;57828;60475;64037;66457;64877;56348;63101;65696;68549;66585
Sweden;Renewable sources;52172;53969;60271;57622;57958;55186;53855;58029;61427;59589;60674;56068;64994;69759;72796;62913;73813;71924;73940;74452;65109;76373;76871;61402;70556;54003;72033;78098;74747;83140;83321;71145;58731;68186;81231;71068;77424;81408;79810;82086;84088;98309;82688;85742;102496;89127;95058;91153;96654
Sweden;Total;66534;71653;78060;75110;80552;86392;89989;92884;95066;96316;102846;99512;108869;123268;136539;138084;145977;145641;142916;145984;146970;145936;145247;142700;148293;140627;149206;158791;154838;145231;161595;146700;135379;151683;158364;143283;148819;149896;136610;148445;150283;166435;153031;153555;161985;155891;164225;163360;168421
Switzerland;Fossil fuels;2915;3570;2604;2265;1743;2202;2017;1875;1814;851;587;652;669;577;565;600;610;582;612;751.752;1024.461;1236.529;814.733;935.94;1088.026;1182.535;1148.781;1490.578;1198.477;1083.835;1092.62;1115.815;1170.46;1145.952;1084.099;986.431;916.661;857.978;815.374;1095.134;1012.29;963.482;798.986;537.217;665.163;892.263;759.196;644.898;690.583
Switzerland;Nuclear;1391;3840;6310;7067;7761;7939;8114;8395;11805;14346;15330;15133;15710;18440;22558;22581;23003;22792;22836;23636;22953;23448;23351;24363;24895;25142;25409;25830;25830;26446;26811;27234;27487;26958;23341;27819;27925;27700;27686;26339;26710;25441;25990;27557;23089;21146;20376.455;25512.63;26417.6
Switzerland;Renewable sources;26875;24469;27903;27770;33475;25947;35759;31980;31846;32978;35917;36723;35816;30538;32414;33360;35182;36304;30301;30224.356;32475.552;33530.056;36258.535;39611.35;35457.844;29378.525;34751.062;34199.174;40797.411;37691.63;42205.125;36105.602;35733.633;34751.526;32279.507;32139.345;36477.826;37326.172;37033.581;37471.729;34018.502;40527.296;40675.94;40669.011;41108.583;37809.481;37761.547;38876.795;42253.25
Switzerland;Total;31181;31879;36817;37102;42979;36088;45890;42250;45465;48175;51834;52508;52195;49555;55537;56541;58795;59678;53749;54976.041;56842.818;58655.158;60863.161;65406.233;61957.998;56262.319;62018.964;62324.482;68695.637;66125.064;71057.294;65422.208;65345.086;63865.231;57788.306;62135.811;66437.729;67040.929;66676.049;66052.132;62880.5;68134.761;68705.649;70078.128;66057.324;61097.252;60148.004;66289.173;70705.179
Turkey;Fossil fuels;7009;7863;9625;9914;9499;9747;11775;12254;12088;11791;11947;12385;16004;17165;22168;27778;25677;19030;34042;34315;37444;40657;39723;47605;50398;54127;63103;68462;81528;93714;98333;95390;104985;104359;122120;131681;154982;163920;156583;155371;171169;174151;170641;198984;177608;183426;209166.154;206060.556;170818.409
Turkey;Nuclear;0;0;0;0;0;0;0;0;0;0;0;0;0;0;0;0;0;0;0;0;0;0;0;0;0;0;0;0;0;0;0;0;0;0;0;0;0;0;0;0;0;0;0;0;0;0;0;0;0
Turkey;Renewable sources;2772;3380;2800;3563;6124;8536;8790;9472;10434;11484;12726;14167;11343;13448;12051;11917;18676;29018;18002;23228;22802;26685;34085;30716;35849;40735;40193;42560;34912;31154;24346;33966;35559;46311;39748;44522;36457;34421;38141;55712;58098;65216;69220;52629;83658;90245;87235.434;97767.92;132428.404
Turkey;Total;9781;11243;12425;13477;15623;18283;20565;21726;22522;23275;24673;26552;27347;30613;34219;39695;44353;48048;52044;57543;60246;67342;73808;78321;86247;94862;103296;111022;116440;124922;122725;129400;140581;150698;161956;176299;191558;198418;194812;211208;229393;239496;240154;251963;261783;274408;297277.524;304801.884;304251.585
United Kingdom;Fossil fuels;224850;229998;249497;234719;236701;235436;237839;245243;256092;243157;234381;223174;221087;222429;229533;235509;242269;238304;236183;246112;245398;236030;226428;229436;236242;248540;243605;252361;259943;278823;280205;282756;293317;294977;294315;297482;308333;308698;276941;289189;259064;247149;229588;204457;178875.802;176681.764;161644.504;150168.748;141191.518
United Kingdom;Nuclear;27548;29378;27997;33617;30338;36155;40021;37224;38308;37023;37969;43972;49928;53979;61095;59079;55238;63456;71734;65749;70543;76807;89353;88282;88964;94671;98146;99486;95133;85063;90094;87848;88686;79999;81618;75451;63028;52486;69098;62140;68980;70405;70607;63748;70344.902;71726.081;70336.426;65063.849;56183.933
United Kingdom;Renewable sources;3358;3391;3858;4066;3751;3688;3870;3995;4245;3891;4347;4530;4552;3988;4091;4767;4137;4934;4758;5811;5323;6405;5718;6955;6871;5685;6946;8649;9616;9970;9549;11127;10618;14137;16938;18106;19689;21847;25245;26182;35213;41250;53215;64523;84060.974;83728.238;99577.102;110811.921;119335.02
United Kingdom;Total;255756;262767;281352;272402;270790;275279;281730;286462;298645;284071;276697;271676;275567;280396;294719;299355;301644;306694;312675;317755;321352;319346;321665;325024;332489;349313;349180;361079;365250;374375;382368;384595;395464;391278;395426;393430;392971;384830;373071;378921;365078;360913;355386;335217;336831.662;336940.485;335770.274;330925.586;321951.885
United States;Fossil fuels;1398490;1520470;1608210;1529147;1520945;1644747;1739593;1736734;1801990;1876547;1878278;1759469;1795865;1882899;1919875;1894889;1984738;2078319;2239417;2211966;2241417;2274693;2378991;2425384;2448570;2500516;2589971;2711858;2736469;2882270;2771591;2858235;2890533;2961136;3078075;3049191;3111787;3100548;2892882;3060149;2960191;2941052;2907720;2913787;2882404;2806893;2691535.679;2834295.376;2729196.071
United States;Nuclear;40552;57813;89167;121251;183512;202570;265936;292987;270464;266183;289034;299739;311298;347292;406712;438880;482586;558591;561165;611589;649399;655970;646987;678920;713806;715212;666363;714124;771811;797718;792604;804519;787818;813339;810726;816195;836634;837804;830210;838931;821405;801129;822004;830584;830288;839918;838861.365;841328.625;843330
United States;Renewable sources;264338;272826;268132;306937;306703;290640;226925;286721;287209;284590;269712;317427;341877;332582;295342;305955;249863;221132;327304;369241;350142;324316;355578;336458;384343;422867;403130;365559;351308;330364;260426;348137;360433;357987;366205;395209;361815;391022;428696;440677;528962;512822;541802;560657;568439;637076;718175.056;743178.772;757785.11
United States;Total;1703380;1851109;1965509;1957335;2011160;2137957;2232454;2316442;2359663;2427320;2437024;2376635;2449040;2562773;2621929;2639724;2717187;2858042;3127886;3202813;3254890;3270597;3391520;3451830;3558374;3651244;3672220;3804504;3873638;4025885;3838831;4026399;4054649;4148080;4268887;4275011;4323915;4342980;4165395;4354363;4326635;4270884;4287114;4320317;4297048;4299595;4263676.651;4433935.757;4345694.181
OECD Total;Fossil fuels;2843234;3083921;3351233;3249006;3240053;3542228;3647826;3731762;3857596;3930069;3865456;3732446;3787098;3895975;3927674;3913652;4082517;4217668;4532559;4582904.498;4660116.782;4693420.974;4732814.822;4934601.832;5008672.092;5156670.732;5300926.467;5499643.15;5619763.268;5924226.724;5868352.195;6070510.708;6242914.985;6330752.605;6509981.665;6523312.626;6792513.527;6722525.237;6327966.375;6645524.002;6667710.058;6682837.455;6545023.56;6396305.401;6344429.568;6305999.454;6206904.665;6241675.198;5932110.488
OECD Total;Nuclear;103693;142038;188496;242082;335311;385175;479629;561515;575569;620668;730245;783530;882812;1056992;1259397;1377191;1479604;1601763;1656336;1746485.703;1837945.852;1859479.068;1924800.053;1986522.701;2066830.999;2123594.607;2095490.424;2153406.898;2223185.864;2257556.543;2290814.512;2295684.715;2244058.328;2339109.148;2361936.543;2369771.205;2288156.228;2290637.915;2253010.614;2288371.48;2086964.766;1951583.43;1962360.421;1980260.009;1970958.995;1965737.53;1955422.993;1979185.711;1986560.555
OECD Total;Renewable sources;889898;932919;931723;1028646;1033504;995912;1004667;1074657;1124675;1114670;1135653;1173106;1226977;1231796;1227524;1225639;1213741;1229340;1257120;1325142.092;1326203.827;1332577.646;1411334.854;1369271.077;1458896.858;1494455.325;1500541.407;1470229.124;1479328.866;1518347.402;1423825.044;1496601.109;1494512.102;1558620.249;1600789.45;1656454.239;1667697.45;1772207.257;1821243.574;1925926.987;2064638.553;2167872.8;2304210.888;2381146.758;2483754.124;2597264.372;2738010.122;2859305.81;2964159.865
OECD Total;Total;3836893;4158965;4471524;4521755;4610998;4925719;5134496;5370444;5560638;5668226;5733591;5692161;5899480;6187637;6417383;6519635;6778914;7052438;7450399;7690215.65;7865105.749;7928825.998;8107128.12;8332320.27;8579256.699;8822351.641;8945421.532;9169965.371;9369611.026;9750447.412;9636923.306;9918063.165;10035787.77;10285525.38;10533813.28;10609043.23;10806736.15;10844611.52;10466687.95;10934400.76;10897318.77;10881457.42;10891521.55;10838733.3;10879440.67;10957897.89;10990809.53;11172967.59;10978630.74
Brazil;Fossil fuels;;;;;;;;;;;;;;;;;;;;10017;11154;11731;11515;11893;13583;16328;18458;19504;29005;30243;36902;35049;32958;41974;41232;41132;38927;58408;37753;63878;52070;80266;116971;142558;135654;97214;106564.497;90432.714;94761.429
Brazil;Nuclear;;;;;;;;;;;;;;;;;;;;2237;1442;1759;442;55;2519;2427;3169;3265;3977;6046;14279;13836;13358;11611;9855;13754;12350;13969;12957;14523;15659;16038;15450;15378;14734;15864;15739.196;15673.887;16128.824
Brazil;Renewable sources;;;;;;;;;;;;;;;;;;;;210567;221781;228242;240019;248093;259499;272523;286355;298979;301368;312249;276891;296372;317571;333334;351141;363765;392685;390210;414828;436961;463472;456037;438338;432354;430874;465420;466651.116;494817.944;515031.034
Brazil;Total;;;;;;;;;;;;;;;;;;;;222821;234377;241732;251976;260041;275601;291278;307982;321748;334716;348910;328508;345671;364339;387453;403033;419337;445147;463067;466121;515745;531757;552624;571098;590651;581652;578889;589401.381;601371.158;626334.94
People's Republic of China;Fossil fuels;;;;;;;;;;;;;;;;;;;;494480;552460;621470;684833;745584;801419;876296;922548;942536;1018140;1113413;1182711;1337596;1580092;1795553;2042927;2364229;2718749;2783801;2981276;3332623;3819124;3881107;4209233;4239274;4264019;4422641;4678270.998;5007573.907;5120174.845
People's Republic of China;Nuclear;;;;;;;;;;;;;;;;;;;;0;0;0;1604;14756;12833;14338;14418;14100;14949;16737;17472;25127;43342;50469;53088;54843;62130;68394;70134;73880;86350;97394;111613;132538;170789;213287;248070;295000;348700
People's Republic of China;Renewable sources;;;;;;;;;;;;;;;;;;;;126788;125165;132601;151962;167905;193662;189606;198922;210864;206838;225588;280766;291441;287321;357480;404451;446882;500911;614990;663651;781638;788618;995264;1103418;1280977;1397878;1539826;1663000.715;1832900.905;2000388.771
People's Republic of China;Total;;;;;;;;;;;;;;;;;;;;621268;677625;754071;838399;928245;1007914;1080240;1135888;1167500;1239927;1355738;1480949;1654164;1910755;2203502;2500466;2865954;3281790;3467185;3715061;4197204;4704861;4984732;5436567;5665745;5843715;6187167;6602727.509;7148900.981;7484581.801
India;Fossil fuels;;;;;;;;;;;;;;;;;;;;211641;237332;256099;280453;297051;337002;357807;380025;400871;440840;467795;483709;510361;536564;559438;571542;609856;649963;687855;746188;788913;841317;902401;940842;1039678;1111130;1163015;1214396.45;1244868.55;1211072.468
India;Nuclear;;;;;;;;;;;;;;;;;;;;6141;5525;6726;5398;5648;7982;9071;10083;11922;13249;16902;19475;19390;17780;17011;17324;18802;16957;14927;18636;26266;32287;32866;34228;36102;37414;37916;38346;37813;46472.45
India;Renewable sources;;;;;;;;;;;;;;;;;;;;71688;72814;69974;70577;82927;73126;69854;75700;84132;83274;77426;77680;74598;87811;99238;119146;135986;147628;142239;143837;159242;185622;178911;208290;210437;208230;247530;265584.65;299787.7;335380.893
India;Total;;;;;;;;;;;;;;;;;;;;289470;315671;332799;356428;385626;418110;436732;465808;496925;537363;562123;580864;604349;642188;675757;708091;764751;814757;845276;908966;974799;1059720;1114775;1184029;1286964;1357632;1449293;1519159.1;1583218.75;1593708.172
Indonesia;Fossil fuels;;;;;;;;;;;;;;;;;;;;25834;29664;31617;36422;43317;49448;57206;66911;65735;73781;78434;83560;92035;97566;103813;110178;116759;123808;129442;136028;142842;161405;177538;189494;201709;209052;216761;222607.94;234321.25;248375.027
Indonesia;Nuclear;;;;;;;;;;;;;;;;;;;;0;0;0;0;0;0;0;0;0;0;0;0;0;0;0;0;0;0;0;0;0;0;0;0;0;0;0;0;0;0
Indonesia;Renewable sources;;;;;;;;;;;;;;;;;;;;6833;7676;9896;8978;8041;9745;10518;7716;12303;12134;14891;17694;16182;15408;16350;17351;16313;18343;19884;20746;26913;21997;22477;26506;26149;24922;31156;31965.58;49138.28;46815.146
Indonesia;Total;;;;;;;;;;;;;;;;;;;;32667;37340;41513;45400;51358;59193;67724;74627;78038;85915;93325;101254;108217;112974;120163;127529;133072;142151;149326;156774;169755;183417;200030;216020;227876;233984;247920;254868.72;283770.76;295448.818
Morocco;Fossil fuels;;;;;;;;;;;;;;;;;;;;8408;7979;8755;9467;10630;11481;10581;11510;11191;12070;12081;13969;14191;14919;15898;18105;18683;18703;19333;18186;19545;22308;24976;22594;24125;25108;25776;26874.8;27747.514;32413.775
Morocco;Nuclear;;;;;;;;;;;;;;;;;;;;0;0;0;0;0;0;0;0;0;0;0;0;0;0;0;0;0;0;0;0;0;0;0;0;0;0;0;0;0;0
Morocco;Renewable sources;;;;;;;;;;;;;;;;;;;;1220;1226;964;443;840;611;1957;2083;1777;825;782;1077;1044;1659;1807;1185;1181;1194;1227;2959;4127;2698;2359;4141;3561;4409;4656;4634.9;6484.386;7543.452
Morocco;Total;;;;;;;;;;;;;;;;;;;;9628;9205;9719;9910;11470;12092;12538;13593;12968;12895;12863;15046;15235;16578;17705;19290;19864;19897;20560;21145;23672;25006;27335;28037;28988;30819;31734;32811.7;35534.037;41259.364
Singapore;Fossil fuels;;;;;;;;;;;;;;;;;;;;15544;16431;17184;18472;20359;21754;23610;26408;27885;29030;31175;32143;33718;34342;35853;37257;38488;40159;40669;40756;45207;44802;45675;46597;47929;48864;50089;50763.358;51476.439;52649.64
Singapore;Nuclear;;;;;;;;;;;;;;;;;;;;0;0;0;0;0;0;0;0;0;0;0;0;0;0;0;0;0;0;0;0;0;0;0;0;0;0;0;0;0;0
Singapore;Renewable sources;;;;;;;;;;;;;;;;;;;;85;245;245;245;245;245;245;245;245;245;245;473;473;495;479;478;477;487;525;535;592;611;638;742;823;923;988;1020.551;1086.44;1131.458
Singapore;Total;;;;;;;;;;;;;;;;;;;;15714;16921;17674;18962;20849;22244;24100;26898;28375;29520;31665;33089;34664;35332;36811;38213;39442;41133;41718;41823;46386;46016;46938;47971;49382;50420;51677;52391.862;53144.083;54321.917
South Africa;Fossil fuels;;;;;;;;;;;;;;;;;;;;155926;155388;156717;165960;169402;173551;186342;192869;187527;186662;193419;195162;203931;217619;226332;229133;237614;247986;240964;232257;242069;243637;241366;237579;232332;228681;226665;226375.063;227639.304;221486.752
South Africa;Nuclear;;;;;;;;;;;;;;;;;;;;8449;9144;9288;7255;9697;11301;11775;12647;13601;12837;13010;10719;11991;12663;13365;11293;10026;11317;13004;12806;12099;13502;11954;14106;13794;12237;15026;14193;11580;13596
South Africa;Renewable sources;;;;;;;;;;;;;;;;;;;;1010;1980;752;146;1074;529;1379;2238;1826;923;1408;2292;2642;966;1233;1629;3211;1197;1551;1752;2480;2437;1593;1507;3345;5818;7762;10087.264;12254.924;12963.701
South Africa;Total;;;;;;;;;;;;;;;;;;;;165385;166512;166757;173361;180173;185381;199496;207754;202954;200422;207837;208173;218564;231248;240930;242055;250851;260500;255519;246815;256648;259576;254913;253192;249471;246736;249453;250655.327;251474.228;248046.453
Thailand;Fossil fuels;;;;;;;;;;;;;;;;;;;;39200;45598;52859;59704;66662;73082;81640;85681;84554;85637;89440;95623;100854;108531;118405;124867;129145;133465;137699;138159;150573;143437;152848;156310;157860;162582;162250;155924.506;152226.282;163317.157
Thailand;Nuclear;;;;;;;;;;;;;;;;;;;;0;0;0;0;0;0;0;0;0;0;0;0;0;0;0;0;0;0;0;0;0;0;0;0;0;0;0;0;0;0
Thailand;Renewable sources;;;;;;;;;;;;;;;;;;;;4976;4587;4239;3703;4515;7001;8202;7545;5498;4402;6537;6797;8159;8452;7322;7330;9597;9913;9727;10235;8949;12554;13794;13838;14399;13906;25304;25789.397;30071.587;33957.843
Thailand;Total;;;;;;;;;;;;;;;;;;;;44176;50185;57098;63407;71177;80083;89842;93226;90052;90039;95977;102420;109013;116983;125727;132197;138742;143378;147426;148394;159522;155991;166642;170148;172259;176488;187554;181713.903;182297.869;197275
Non-OECD Total;Fossil fuels;1061914;1157615;1254736;1303290;1406212;1517290;1591349;1684995;1779503;1863734;1926634;2029293;2125903;2226818;2316965;2478750;2634292;2737239;2866480;2918606;2974973;3017631;3071859;3092943;3234410;3384194;3513250;3601091;3777203;4028514;4201054;4486016;4893438;5264704;5642272;6172001;6703936;6938006;7151447;7828843.568;8451717;8761111;9228340.597;9511200.6;9743335;10019081;10388533.96;10851873.4;
Non-OECD Total;Nuclear;7394;10437;14700;30629;48302;55423;57313;64477;73184;92707;112065;126438;152318;198352;232701;224140;258201;289486;282753;266416;267841;264209;265702;255776;265120;293599;297611;291803;307962;333067;346871;365094;391291;398903;406015;421700;431073;442447;443170;467917;495675;508702;516745;555145;599111;642664;680694.246;731244.05;804295.295
Non-OECD Total;Renewable sources;350532;371117;389705;431360;453502;482268;522620;572967;610691;657609;680753;690990;720969;783932;823021;864299;885042;941316;963594;970865.9;1005550.5;1012474.837;1067158.259;1137581.743;1172041.869;1173109.877;1207722.839;1259501.398;1276414.617;1311025.278;1357125.668;1385114.594;1426203.309;1568531.147;1695249.496;1790355.653;1884109.456;1982023.91;2079315.19;2277301.55;2349984.195;2566919.314;2761005.769;2918032.336;3038707.649;3328737.518;3530160.684;3840809.792;
Non-OECD Total;Total;1419840;1539169;1659141;1765279;1908016;2054981;2171282;2322439;2463378;2614050;2719452;2846721;2999190;3209102;3372687;3567274;3777620;3968126;4112912;4155972.9;4248609.5;4296432.837;4406756.259;4488124.743;4673369.869;4852674.877;5020445.839;5154403.398;5364640.617;5676508.278;5909854.668;6241012.594;6715074.309;7236654.147;7749259.496;8389668.653;9024697.456;9367933.91;9679643.19;10589471.12;11314610.2;11854319.31;12526454.37;13005698.94;13400911.65;14009838.52;14621195.23;15445913.05;
Africa;Fossil fuels;67934;72808;80358;85143;93734;99652;103352;111140;122098;136260;155350;165340;176202;192108;203203;208081;224755;229537;237767;250171;253429;259531;273857;282532;290712;308142;322482;324604;332808;351810;364230;389485;410413;435768;456504;479216;502134;494601;496545;543659;547132;574393;584237;599713;623869;624092;644031.71;661391.319;
Africa;Nuclear;0;0;0;0;0;0;0;0;0;0;0;0;0;3925;5315;8803;6167;10493;11099;8449;9144;9288;7255;9697;11301;11775;12647;13601;12837;13010;10719;11991;12663;13365;11293;10026;11317;13004;12806;12099;13502;11954;14106;13794;12237;15026;14193;11580;13596
Africa;Renewable sources;23601;28899;30297;36370;38335;42438;46269;44507;48055;47607;49629;49735;44914;44273;48066;50943;48251;53219;56228;56809;61463;58440;58041;58836;61049;63680;65266;68177;73263;76579;84007;86330;85236;90174;92516;96537;98455;100086;103894;115603;117373.593;119225.291;126188.221;136713.035;138643.93;139981.756;149274.492;159859.255;
Africa;Total;91535;101707;110655;121513;132069;142090;149621;155647;170153;183867;204979;215075;221116;240306;256584;267827;279173;293249;305094;315429;324036;327259;339153;351065;363062;383597;400395;406382;418908;441506;459055;487956;508456;539467;560454;585807;611949;607736;613292;671925;678300.593;705904.291;726144.221;751791.035;776300.93;780672.756;809082.468;834504.083;
Non-OECD Americas;Fossil fuels;65464;69204;74123;72574;73272;78851;86287;90212;96794;101063;103190;102658;104814;104638;102950;115060;115067;123895;124961;118198;120425;129548;131132;132759;147360;155428;165114;180087;196581;204931;215111;216664;224855;243772;252069;261849;273528;301763;286954;328696;315446;364398;413140;441219;459942;420428;383581.394;367242.407;
Non-OECD Americas;Nuclear;0;0;0;1036;2517;2572;1637;2896;2692;2340;2816;1870;3406;6284;9147;5855;7438;6406;6869;9518;9198;8840;8192;8290;9585;9886;11130;10718;11083;12223;21338;19657;20924;19480;16728;21445;19567;21299;21119;21694;22030;22433;21657;20892;21773;24149;21852.809;22575.403;24606.981
Non-OECD Americas;Renewable sources;70507;79180;89712;102857;111497;124981;139661;154816;176472;197606;202532;218843;236362;260506;280882;302340;322365;333960;344074;361194;380801;385468;415409;440575;454491;476217;501880;515069;521016;545520;509798;535513;560927;584803;616035;642114;674488;680850;701048;719218;763955;758126;752213;721724;738102;773138;798357.119;829023.656;
Non-OECD Americas;Total;135971;148384;163835;176467;187286;206404;227585;247924;275958;301009;308538;323371;344582;371428;392979;423255;444870;464261;475904;488910;510424;523856;554733;581624;611436;641531;678124;705874;729046;763046;746683;772248;807158;848589;885637;926094;968768;1004392;1009704;1069991;1101987;1145240;1187349;1184196;1220207;1218106;1204237.894;1219288.079;
Non-OECD Asia (including China);Fossil fuels;197743;221249;239643;242692;277850;301563;332192;374557;404572;430381;438111;464728;493132;535609;585965;652779;740679;815471;891905;950516;1062863;1176911;1297081;1393568;1528275;1664832;1776494;1839269;1972865;2138375;2253098;2475654;2785641;3074555;3371703;3764747;4196201;4308586;4593335;5056383;5614907;5777342;6175755;6358395;6511396;6789460;7126819.643;7563169.359;
Non-OECD Asia (including China);Nuclear;1294;1237;2700;2665;3231;3862;2792;5671;9312;11202;13839;15289;22678;28988;34055;32393;38665;36722;32931;39300;41200;41153;41853;55786;56614;61543;61145;63130;67013;74139;74724;85810;101772;109765;112868;115803;122703;125766;133235;145195;166018;175235;192570;216833;249279;289863;318741.532;370951.422;437002.746
Non-OECD Asia (including China);Renewable sources;80946;84621;93331;99847;109691;113169;116915;126970;134604;143501;159784;169787;186989;198543;205134;217237;215572;241621;262148;281316;279783;290709;307160;345834;367667;359697;369554;395651;396564;413893;478076;484701;501182;583355;657757;729638;798604;915786;970446;1116174;1168091;1386527;1540164;1727418;1841475;2064364;2239588.486;2480945.653;
Non-OECD Asia (including China);Total;279983;307107;335674;345204;390772;418594;451899;507198;548488;585084;611734;649804;702799;763140;825154;902494;995001;1093899;1187069;1271217;1384091;1509018;1646339;1795433;1952801;2086317;2207551;2298565;2437063;2627299;2807322;3047594;3390369;3769712;4144490;4612383;5119870;5352550;5699466;6329453;6962626;7353041;7923896;8318823;8616543;9158414;9702131.346;10432114.58;
Non-OECD Europe and Eurasia;Fossil fuels;714812;775907;836605;875862;930250;1000561;1027139;1060694;1092336;1123028;1145295;1193022;1234443;1257580;1274529;1342330;1379846;1380702;1413195;1388057;1324842;1210458;1100692;994102;963828;933623;905445;884401;877169;911656;922402;928157;972014;976678;993043;1056153;1080772;1122875;1030168;1088677.568;1137807;1152107;1133432.597;1115819.6;1100883;1110773;1106453.884;1131970.373;
Non-OECD Europe and Eurasia;Nuclear;6100;9200;12000;26928;42554;48989;52884;55910;61180;79165;95410;109279;126234;159155;184184;177089;205931;235865;231854;209149;208299;204928;208402;182003;187620;210395;212689;204354;217029;233695;240090;247636;255932;256293;265126;274426;277486;282378;276010;288929;293798;297233;283866;299154;312908;307006;318393.241;318546.036;322021.788
Non-OECD Europe and Eurasia;Renewable sources;171709;173820;172738;187315;188523;195216;212428;236822;241908;259174;258461;241969;242539;270340;278852;282239;284375;299162;287733;259623.9;272295.5;264251.837;272798.259;280947.743;277790.869;262181.877;260156.839;269468.398;276894.617;267001.278;275722.668;266748.594;263227.309;293724.147;301334.496;292880.653;284558.456;273299.91;290683.19;308312.55;280690.602;281440.023;318270.548;311961.301;301919.719;328280.762;321483.199;347404.69;
Non-OECD Europe and Eurasia;Total;892621;958927;1021343;1090105;1161327;1244766;1292451;1353426;1395424;1461367;1499166;1544270;1603216;1687075;1737565;1801658;1870152;1915729;1932782;1856829.9;1805436.5;1681510.837;1583684.259;1458631.743;1430791.869;1407726.877;1379794.839;1359716.398;1373166.617;1414883.278;1441059.668;1445336.594;1492945.309;1528480.147;1562118.496;1626162.653;1644805.456;1681072.91;1599492.19;1688680.118;1715070.602;1733815.023;1738573.145;1730146.901;1719134.719;1748724.762;1749125.133;1800738.638;
Middle East;Fossil fuels;15961;18447;24007;27019;31106;36663;42379;48392;63703;73002;84688;103545;117312;136883;150318;160500;173945;187634;198652;211664;213414;241183;269097;289982;304235;322169;343715;372730;397780;421742;446213;476056;500515;533931;568953;610036;651301;710181;744445;811428;836425;892871;921776;996054;1047245;1074328;1127647.333;1128099.944;
Middle East;Nuclear;0;0;0;0;0;0;0;0;0;0;0;0;0;0;0;0;0;0;0;0;0;0;0;0;0;0;0;0;0;0;0;0;0;0;0;0;0;0;0;0;327;1847;4546;4472;2914;6620;7513.664;7591.189;7067.78
Middle East;Renewable sources;3769;4597;3627;4971;5456;6464;7347;9852;9652;9721;10347;10656;10165;10270;10087;11540;14479;13354;13411;11923;11208;13606;13750;11389;11044;11334;10866;11136;8677;8032;9522;11822;15631;16475;27607;29186;28004;12002;13244;17994;19874;21601;24170;20216;18567;22973;21457.388;23576.538;
Middle East;Total;19730;23044;27634;31990;36562;43127;49726;58244;73355;82723;95035;114201;127477;147153;160405;172040;188424;200988;212063;223587;224622;254789;282847;301371;315279;333503;354581;383866;406457;429774;455735;487878;516146;550406;596560;639222;679305;722183;757689;829422;856626;916319;950492;1020742;1068726;1103921;1156618.385;1159267.671;
IEA Total;Fossil fuels;2831897;3072248;3339306;3236888;3227975;3529205;3633921;3716817;3841512;3913843;3848728;3715976;3769934;3877987;3909465;3894985;4062302;4194289;4505156;4535578.498;4614263.782;4654584.974;4695152.822;4892093.832;4963309.092;5104063.732;5244599.467;5433458.15;5547890.268;5852427.724;5795578.195;5995779.708;6162559.985;6246180.605;6426647.665;6437264.626;6695337.527;6622913.237;6231745.375;6538438.002;6557011.058;6565123.455;6426934.56;6287874.401;6229081.568;6186097.454;6088502.685;6121651.282;5809922.285
IEA Total;Nuclear;103693;142038;188496;242082;335311;385175;479629;561515;575569;620668;730245;783530;882812;1056992;1259397;1377191;1479604;1601763;1656336;1724830.703;1815993.852;1840870.068;1908584.053;1974207.701;2050229.999;2105005.607;2078447.424;2134810.898;2208627.864;2244376.543;2274195.512;2276014.715;2223367.328;2318548.148;2345715.543;2355572.205;2272628.228;2274470.915;2236419.614;2282714.48;2080749.766;1946055.43;1957060.421;1973890.009;1965310.995;1960022.53;1949137.721;1973409.272;1980739.298
IEA Total;Renewable sources;883451;925386;923844;1019943;1024815;986848;995056;1064661;1114234;1103557;1124131;1160431;1213334;1217645;1212361;1209414;1196432;1211974;1241722;1302884.092;1300322.827;1303260.646;1380680.854;1338545.077;1427044.858;1464874.325;1467902.407;1438639.124;1450566.866;1484113.402;1385663.044;1457686.109;1456738.102;1518106.249;1556340.45;1609012.239;1623076.45;1720274.755;1765516.412;1875107.718;2013040.317;2114800.618;2249298.848;2320831.925;2422063.299;2532108.459;2669759.268;2788705.858;2894540.759
IEA Total;Total;3819109;4139759;4451718;4500934;4590231;4903632;5110980;5345503;5534113;5640887;5705341;5663016;5868673;6155498;6384011;6484743;6741390;7011693;7407598;7598938.65;7771385.749;7842046.998;8022579.12;8246749.27;8485411.699;8721540.641;8839368.532;9053542.371;9254357.026;9631143.412;9509300.306;9784609.165;9896794.771;10139703.38;10389603.28;10461152.23;10649174.15;10676439.02;10297508.79;10770439.49;10728461.54;10704910.24;10712786.51;10663033.46;10696419.85;10766742.98;10797286.8;10976081.82;10780524.91
IEA and Accession/Association countries;Fossil fuels;;;;;;;;;;;;;;;;;;;;5516029.498;5688054.782;5818468.974;5967643.822;6265071.832;6453659.092;6727966.732;6963641.467;7194795.15;7449597.268;7891319.724;7941414.195;8345625.708;8811336.985;9173689.605;9629510.665;10020717.63;10702596.53;10756067.24;10596160.38;11363947;11927681.06;12118749.46;12395820.56;12415363.4;12458940.57;12596704.45;12815557.2;13202636.33;12999420.61
IEA and Accession/Association countries;Nuclear;;;;;;;;;;;;;;;;;;;;1758690.703;1849104.852;1873281.068;1935543.053;2012069.701;2096686.999;2156558.607;2130788.424;2191252.898;2263501.864;2305490.543;2347502.512;2360500.715;2325994.328;2426106.148;2447612.543;2461648.205;2385215.228;2394658.915;2361804.614;2409482.48;2228547.766;2104307.43;2132457.421;2171702.009;2200484.995;2242115.53;2265485.917;2333476.159;2405636.572
IEA and Accession/Association countries;Renewable sources;;;;;;;;;;;;;;;;;;;;1736356.092;1750301.827;1768977.646;1876748.854;1871409.077;1992128.858;2038063.325;2069691.407;2071785.124;2075590.866;2143036.402;2072739.044;2173171.109;2200241.102;2359794.249;2487791.45;2617426.239;2721850.45;2928543.755;3054392.412;3321216.718;3518181.317;3812477.618;4073664.848;4324736.925;4543573.299;4891164.459;5175907.736;5555527.938;5886762.159
IEA and Accession/Association countries;Total;;;;;;;;;;;;;;;;;;;;9046844.65;9328545.749;9504320.998;9818359.12;10190720.27;10587576.7;10970464.64;11212829.53;11504764.37;11836633.03;12390780.41;12416496.31;12935451.17;13392848.77;14017711.38;14627376.28;15160562.23;15869906.15;16139547.02;16077972.79;17179598.49;17764764.54;18127179.24;18697127.51;19008830.46;19297510.85;19833413.98;20364041.18;21201088.89;21406066.46
World;Fossil fuels;3905148;4241536;4605969;4552296;4646265;5059518;5239175;5416757;5637099;5793803;5792090;5761739;5913001;6122793;6244639;6392402;6716809;6954907;7399039;7501510.498;7635089.782;7711051.974;7804673.822;8027544.832;8243082.092;8540864.732;8814176.467;9100734.15;9396966.268;9952740.724;10069406.2;10556526.71;11136352.99;11595456.61;12152253.67;12695313.63;13496449.53;13660531.24;13479413.38;14474367.57;15119427.06;15443948.46;15773364.16;15907506;16087764.57;16325080.45;16595438.63;17093548.6;
World;Nuclear;111087;152475;203196;272711;383613;440598;536942;625992;648753;713375;842310;909968;1035130;1255344;1492098;1601331;1737805;1891249;1939089;2012901.703;2105786.852;2123688.068;2190502.053;2242298.701;2331950.999;2417193.607;2393101.424;2445209.898;2531147.864;2590623.543;2637685.512;2660778.715;2635349.328;2738012.148;2767951.543;2791471.205;2719229.228;2733084.915;2696180.614;2756288.48;2582639.766;2460285.43;2479105.421;2535405.009;2570069.995;2608401.53;2636117.239;2710429.761;2790855.85
World;Renewable sources;1240430;1304036;1321428;1460006;1487006;1478180;1527287;1647624;1735366;1772279;1816406;1864096;1947946;2015728;2050545;2089938;2098783;2170656;2220714;2296007.992;2331754.327;2345052.483;2478493.113;2506852.82;2630938.727;2667565.202;2708264.246;2729730.522;2755743.483;2829372.68;2780950.712;2881715.703;2920715.411;3127151.396;3296038.946;3446809.892;3551806.906;3754231.167;3900558.764;4203228.537;4414622.748;4734792.114;5065216.657;5299179.094;5522461.773;5926001.89;6268170.806;6700115.602;
World;Total;5256733;5698134;6130665;6287034;6519014;6980700;7305778;7692883;8024016;8282276;8453043;8538882;8898670;9396739;9790070;10086909;10556534;11020564;11563311;11846188.55;12113715.25;12225258.84;12513884.38;12820445.01;13252626.57;13675026.52;13965867.37;14324368.77;14734251.64;15426955.69;15546777.97;16159075.76;16750862.08;17522179.53;18283072.77;18998711.89;19831433.61;20212545.43;20146331.14;21523871.88;22211928.97;22735776.73;23417975.92;23844432.23;24280352.32;24967736.41;25612004.75;26618880.64;
